Rk,Player,WAR,Player-additional
1,Barry Bonds,162.8,bondsba01
2,Babe Ruth,162.2,ruthba01
3,Willie Mays,156.2,mayswi01
4,Ty Cobb,151.4,cobbty01
5,Henry Aaron,143.1,aaronha01
6,Tris Speaker,135.0,speaktr01
7,Honus Wagner,131.0,wagneho01
8,Stan Musial,128.5,musiast01
9,Rogers Hornsby,127.0,hornsro01
10,Eddie Collins,124.3,collied01
11,Ted Williams,121.8,willite01
12,Álex Rodríguez,117.6,rodrial01
13,Lou Gehrig,113.7,gehrilo01
14,Rickey Henderson,111.1,henderi01
15,Mel Ott,110.9,ottme01
16,Mickey Mantle,110.2,mantlmi01
17,Frank Robinson,107.2,robinfr02
18,Nap Lajoie,106.9,lajoina01
19,Mike Schmidt,106.9,schmimi01
20,Albert Pujols,101.5,pujolal01
21,Joe Morgan,100.6,morgajo02
22,Carl Yastrzemski,96.5,yastrca01
23,Eddie Mathews,95.9,matheed01
24,Cal Ripken Jr.,95.9,ripkeca01
25,Roberto Clemente,94.9,clemero01
26,Cap Anson,94.4,ansonca01
27,Adrian Beltré,93.5,beltrad01
28,Al Kaline,92.8,kalinal01
29,Jimmie Foxx,92.2,foxxji01
30,Wade Boggs,91.4,boggswa01
31,George Brett,88.6,brettge01
32,Mike Trout,86.2,troutmi01
33,Chipper Jones,85.3,jonesch06
34,George Davis,84.9,davisge01
35,Charlie Gehringer,84.7,gehrich01
36,Roger Connor,84.3,connoro01
37,Ken Griffey Jr.,83.8,griffke02
38,Rod Carew,81.2,carewro01
39,Jeff Bagwell,79.9,bagweje01
40,Dan Brouthers,79.8,broutda01
41,Pete Rose,79.5,rosepe01
42,Joe DiMaggio,79.1,dimagjo01
43,Brooks Robinson,78.5,robinbr01
44,Arky Vaughan,77.9,vaughar01
45,Robin Yount,77.4,yountro01
46,Luke Appling,77.4,applilu01
47,Ozzie Smith,76.9,smithoz01
48,Paul Molitor,75.6,molitpa01
49,Sam Crawford,75.4,crawfsa01
50,Bill Dahlen,75.3,dahlebi01
51,Johnny Bench,75.1,benchjo01
52,Lou Whitaker,75.1,whitalo01
53,Paul Waner,74.8,wanerpa01
54,Reggie Jackson,74.0,jacksre01
55,Frank Thomas,73.8,thomafr04
56,Jim Thome,73.1,thomeji01
57,Larry Walker,72.7,walkela01
58,Harry Heilmann,72.2,heilmha01
59,Rafael Palmeiro,71.9,palmera01
60,Frankie Frisch,71.8,friscfr01
61,Derek Jeter,71.3,jeterde01
62,Bobby Grich,71.1,grichbo01
63,Alan Trammell,70.6,trammal01
64,Johnny Mize,70.6,mizejo01
65,Ron Santo,70.5,santoro01
66,Barry Larkin,70.5,larkiba01
67,Bobby Wallace,70.4,wallabo01
68,Gary Carter,70.2,cartega01
69,Scott Rolen,70.1,rolensc01
70,Carlos Beltrán,70.1,beltrca01
71,Ed Delahanty,69.6,delahed01
72,Mookie Betts,69.6,bettsmo01
73,Tim Raines,69.4,raineti01
74,Manny Ramírez,69.3,ramirma02
75,Tony Gwynn,69.2,gwynnto01
76,Iván Rodríguez,68.7,rodriiv01
77,Eddie Murray,68.7,murraed02
78,Carlton Fisk,68.5,fiskca01
79,Kenny Lofton,68.4,loftoke01
80,Edgar Martínez,68.4,martied01
81,Pee Wee Reese,68.4,reesepe01
82,Al Simmons,68.3,simmoal01
83,Robinson Canó,68.1,canoro01
84,Fred Clarke,68.0,clarkfr01
85,Ryne Sandberg,67.9,sandbry01
86,Graig Nettles,67.9,nettlgr01
87,Ernie Banks,67.7,bankser01
88,Dwight Evans,67.2,evansdw01
89,Miguel Cabrera,67.1,cabremi01
90,Roberto Alomar,67.0,alomaro01
91,Buddy Bell,66.4,bellbu01
92,Goose Goslin,66.0,gosligo01
93,Willie Randolph,65.9,randowi01
94,Duke Snider,65.9,snidedu01
95,Craig Biggio,65.5,biggicr01
96,Andre Dawson,64.9,dawsoan01
97,Joe Cronin,64.7,cronijo01
98,Chase Utley,64.5,utleych01
99,Joey Votto,64.5,vottojo01
100,Reggie Smith,64.5,smithre06
101,Willie McCovey,64.4,mccovwi01
102,Dave Winfield,64.2,winfida01
103,Richie Ashburn,64.2,ashburi01
104,Jackie Robinson,63.9,robinja02
105,Billy Williams,63.6,willibi01
106,Lou Boudreau,63.2,boudrlo01
107,Billy Hamilton,63.2,hamilbi01
108,Ken Boyer,62.8,boyerke01
109,Jesse Burkett,62.8,burkeje01
110,Paul Goldschmidt,62.8,goldspa01
111,Home Run Baker,62.8,bakerfr01
112,Andruw Jones,62.7,jonesan01
113,Joe Jackson,62.2,jacksjo01
114,Mark McGwire,62.1,mcgwima01
115,Jack Glasscock,62.0,glassja01
116,Todd Helton,61.8,heltoto01
117,Sal Bando,61.5,bandosa01
118,Jake Beckley,61.5,becklja01
119,Freddie Freeman,60.7,freemfr01
120,Willie Davis,60.7,daviswi02
121,Gary Sheffield,60.5,sheffga01
122,Jim Edmonds,60.4,edmonji01
123,Zack Wheat,60.4,wheatza01
124,Keith Hernandez,60.3,hernake01
125,Harmon Killebrew,60.3,killeha01
126,Bobby Abreu,60.2,abreubo01
127,Ichiro Suzuki,60.0,suzukic01
128,Mike Piazza,59.5,piazzmi01
129,Yogi Berra,59.5,berrayo01
130,Vladimir Guerrero,59.5,guerrvl01
131,Sherry Magee,59.4,mageesh01
132,Darrell Evans,58.7,evansda01
133,Dick Allen,58.7,allendi01
134,Evan Longoria,58.6,longoev01
135,Sammy Sosa,58.6,sosasa01
136,John Olerud,58.2,olerujo01
137,Bobby Bonds,57.8,bondsbo01
138,Manny Machado,57.8,machama01
139,Willie Stargell,57.6,stargwi01
140,Enos Slaughter,57.6,slaugen01
141,Joe Torre,57.6,torrejo01
142,Billy Herman,57.4,hermabi01
143,Larry Doby,56.8,dobyla01
144,Nolan Arenado,56.7,arenano01
145,Bill Terry,56.6,terrybi01
146,Will Clark,56.5,clarkwi02
147,Bill Dickey,56.4,dickebi01
148,Johnny Damon,56.3,damonjo01
149,Robin Ventura,56.1,venturo01
150,Luis Aparicio,55.9,aparilu01
151,Jim Wynn,55.8,wynnji01
152,Chet Lemon,55.7,lemonch01
153,Max Carey,55.6,careyma01
154,Bob Johnson,55.6,johnsbo01
155,Joe Gordon,55.6,gordojo01
156,Hank Greenberg,55.5,greenha01
157,Stan Hack,55.5,hackst01
158,Gabby Hartnett,55.5,hartnga01
159,Jeff Kent,55.4,kentje01
160,David Ortiz,55.3,ortizda01
161,Joe Mauer,55.2,mauerjo01
162,George Sisler,55.0,sislege01
163,Joe Sewell,54.7,seweljo01
164,Joe Medwick,54.5,medwijo01
165,José Cruz,54.4,cruzjo01
166,Sam Rice,54.3,ricesa01
167,Willie Keeler,54.3,keelewi01
168,Vada Pinson,54.2,pinsova01
169,Ian Kinsler,54.1,kinslia01
170,Tony Pérez,53.9,perezto01
171,Ron Cey,53.7,ceyro01
172,Harry Hooper,53.5,hoopeha01
173,Minnie Miñoso,53.3,minosmi01
174,Jimmy Collins,53.3,colliji01
175,Joe Tinker,53.2,tinkejo01
176,César Cedeño,53.1,cedence01
177,Jack Clark,53.1,clarkja01
178,Bert Campaneris,53.0,campabe01
179,Jose Altuve,52.8,altuvjo01
180,Elmer Flick,52.7,flickel01
181,Fred McGriff,52.6,mcgrifr01
182,Bid McPhee,52.5,mcphebi01
183,José Ramírez,52.4,ramirjo01
184,Aaron Judge,52.2,judgeaa01
185,Jim O'Rourke,52.1,o'rouji01
186,Norm Cash,52.0,cashno01
187,Lance Berkman,51.9,berkmla01
188,Dustin Pedroia,51.9,pedrodu01
189,Earl Averill,51.6,averiea01
190,Luis Gonzalez,51.6,gonzalu01
191,Brian Downing,51.5,downibr01
192,Toby Harrah,51.5,harrato01
193,Bobby Doerr,51.4,doerrbo01
194,Kirby Puckett,51.1,puckeki01
195,Brian Giles,51.1,gilesbr02
196,Bryce Harper,51.1,harpebr03
197,Bob Elliott,50.9,elliobo01
198,Tony Phillips,50.9,phillto02
199,Torii Hunter,50.7,hunteto01
200,Mark Teixeira,50.6,teixema01
201,Jason Giambi,50.5,giambja01
202,Joe Kelley,50.4,kellejo01
203,Ted Simmons,50.4,simmote01
204,Fred Lynn,50.2,lynnfr01
205,Orlando Cepeda,50.1,cepedor01
206,Dave Bancroft,50.0,bancrda01
207,Turkey Stearnes,49.8,steartu99
208,Ellis Burks,49.8,burksel01
209,Brett Butler,49.7,butlebr01
210,Mickey Cochrane,49.7,cochrmi01
211,Francisco Lindor,49.6,lindofr01
212,Bernie Williams,49.6,willibe02
213,Jimmy Sheckard,49.5,sheckji01
214,Willie Wells,49.5,wellswi99
215,Nellie Fox,49.4,foxne01
216,Andrew McCutchen,49.3,mccutan01
217,David Wright,49.2,wrighda03
218,Oscar Charleston,48.8,charlos99
219,Jim Fregosi,48.7,fregoji01
220,Buddy Myer,48.4,myerbu01
221,Heinie Groh,48.3,grohhe01
222,Larry Gardner,48.3,gardnla01
223,Heinie Manush,48.1,manushe01
224,Kiki Cuyler,48.1,cuyleki01
225,Bobby Veach,48.1,veachbo01
226,Buck Ewing,48.0,ewingbu01
227,Ralph Kiner,48.0,kinerra01
228,Wally Schang,48.0,schanwa01
229,Joe Judge,47.9,judgejo01
230,Johnny Evers,47.7,eversjo01
231,Jim Rice,47.7,riceji01
232,Tony Lazzeri,47.6,lazzeto01
233,Jimmy Rollins,47.6,rolliji01
234,Devon White,47.3,whitede03
235,Curtis Granderson,47.2,grandcu01
236,Art Fletcher,47.1,fletcar01
237,Miguel Tejada,47.1,tejadmi01
238,Ryan Braun,47.1,braunry02
239,Tommy Leach,47.1,leachto01
240,King Kelly,47.0,kellyki01
241,Gene Tenace,46.8,tenacge01
242,Roy White,46.8,whitero01
243,Josh Donaldson,46.7,donaljo02
244,Mike Cameron,46.7,camermi01
245,Chuck Klein,46.6,kleinch01
246,Matt Williams,46.6,willima04
247,Dale Murphy,46.5,murphda05
248,Lave Cross,46.5,crossla01
249,Ed Konetchy,46.4,koneted01
250,Mark Grace,46.4,gracema01
251,Vern Stephens,46.2,stephve01
252,Willie Wilson,46.2,wilsowi02
253,Thurman Munson,46.1,munsoth01
254,Frank Chance,46.0,chancfr01
255,Edd Roush,45.8,roushed01
256,Marcus Semien,45.8,semiema01
257,Rusty Staub,45.7,staubru01
258,Deacon White,45.7,whitede01
259,John McGraw,45.7,mcgrajo01
260,Del Pratt,45.6,prattde01
261,Omar Vizquel,45.6,vizquom01
262,Roger Peckinpaugh,45.5,peckiro01
263,Augie Galan,45.4,galanau01
264,Tony Fernández,45.3,fernato01
265,Lou Brock,45.3,brocklo01
266,Harry Stovey,45.2,stoveha01
267,Larry Doyle,45.1,doylela01
268,Earle Combs,45.1,combsea01
269,Paul Hines,45.0,hinespa01
270,Dixie Walker,44.9,walkedi02
271,J.D. Drew,44.9,drewj.01
272,Buster Posey,44.8,poseybu01
273,Red Schoendienst,44.8,schoere01
274,Bill Freehan,44.8,freehbi01
275,Jim Gilliam,44.7,gilliji01
276,Giancarlo Stanton,44.7,stantmi03
277,Chuck Knoblauch,44.6,knoblch01
278,Rocky Colavito,44.5,colavro01
279,Matt Holliday,44.5,hollima01
280,Lonny Frey,44.5,freylo01
281,Troy Tulowitzki,44.5,tulowtr01
282,Ben Zobrist,44.5,zobribe01
283,Carlos Correa,44.4,correca01
284,Cupid Childs,44.4,childcu01
285,Sam Thompson,44.4,thompsa01
286,Carlos Delgado,44.4,delgaca01
287,Brett Gardner,44.3,gardnbr01
288,Nomar Garciaparra,44.3,garcino01
289,Travis Jackson,44.2,jackstr01
290,Steve Finley,44.2,finlest01
291,George Foster,44.1,fostege01
292,Rabbit Maranville,44.0,maranra01
293,Fred Tenney,44.0,tennefr02
294,Al Dark,44.0,darkal01
295,Gil Hodges,43.8,hodgegi01
296,Al Oliver,43.7,oliveal01
297,Charlie Keller,43.6,kellech01
298,Jimmy Ryan,43.6,ryanji01
299,Julio Franco,43.6,francju01
300,Adrián González,43.5,gonzaad01
301,Fielder Jones,43.4,jonesfi01
302,Dolph Camilli,43.2,camildo01
303,Hugh Duffy,43.1,duffyhu01
304,Tony Oliva,43.0,olivato01
305,Amos Otis,42.8,otisam01
306,Ken Williams,42.7,willike01
307,Jorge Posada,42.7,posadjo01
308,Wally Berger,42.6,bergewa01
309,José Canseco,42.5,cansejo01
310,Don Mattingly,42.4,mattido01
311,Davey Lopes,42.4,lopesda01
312,Lenny Dykstra,42.4,dykstle01
313,Hughie Jennings,42.3,jennihu01
314,Mike Tiernan,42.3,tiernmi01
315,Felipe Alou,42.2,aloufe01
316,Phil Rizzuto,42.2,rizzuph01
317,Yadier Molina,42.2,molinya01
318,Nelson Cruz,42.1,cruzne02
319,Darryl Strawberry,42.1,strawda01
320,Ben Chapman,42.1,chapmbe01
321,Gary Gaetti,42.1,gaettga01
322,Roger Bresnahan,42.1,bresnro01
323,Roy Campanella,42.0,camparo01
324,Curt Flood,41.9,floodcu01
325,Bill Nicholson,41.9,nichobi01
326,Harlond Clift,41.9,cliftha01
327,Christian Yelich,41.9,yelicch01
328,Plácido Polanco,41.9,polanpl01
329,Ken Singleton,41.9,singlke01
330,Jason Heyward,41.8,heywaja01
331,Doug DeCinces,41.7,decindo01
332,Jason Kendall,41.7,kendaja01
333,Dick Bartell,41.6,bartedi01
334,Eddie Stanky,41.5,stanked01
335,Andy Van Slyke,41.3,vanslan01
336,Jack Fournier,41.2,fournja01
337,Mark Belanger,41.0,belanma01
338,Hardy Richardson,40.9,richaha01
339,Darrell Porter,40.9,porteda02
340,Xander Bogaerts,40.8,bogaexa01
341,Mike Griffin,40.8,griffmi01
342,Gil McDougald,40.7,mcdougi01
343,Pete Browning,40.6,brownpe01
344,Roy Thomas,40.6,thomaro01
345,David Justice,40.6,justida01
346,Tim Salmon,40.5,salmoti01
347,Jim Sundberg,40.5,sundbji01
348,Carney Lansford,40.5,lansfca01
349,Dave Parker,40.1,parkeda01
350,Dave Concepción,40.1,conceda01
351,Albert Belle,40.1,belleal01
352,Ryan Zimmerman,40.1,zimmery01
353,Clyde Milan,40.0,milancl01
354,George Gore,39.9,gorege01
355,George Van Haltren,39.9,vanhage01
356,Moisés Alou,39.9,aloumo01
357,George Burns,39.8,burnsge01
358,Reggie Sanders,39.8,sandere02
359,Anthony Rizzo,39.8,rizzoan01
360,Alex Bregman,39.6,bregmal01
361,Tommy Henrich,39.6,henrito01
362,Maury Wills,39.6,willsma01
363,Babe Herman,39.5,hermaba01
364,Rafael Furcal,39.5,furcara02
365,Lance Parrish,39.5,parrila02
366,Jesse Barfield,39.4,barfije01
367,Jake Daubert,39.4,daubeja01
368,Donie Bush,39.4,bushdo01
369,Carl Crawford,39.1,crawfca02
370,Rico Petrocelli,39.1,petrori01
371,Boog Powell,39.1,powelbo01
372,Paul O'Neill,38.9,o'neipa01
373,Magglio Ordóñez,38.8,ordonma01
374,Harold Baines,38.8,baineha01
375,Russell Martin,38.8,martiru01
376,Charlie Bennett,38.8,bennech01
377,Ed McKean,38.7,mckeaed01
378,Pie Traynor,38.7,traynpi01
379,Juan González,38.7,gonzaju03
380,Hack Wilson,38.7,wilsoha01
381,Kent Hrbek,38.6,hrbekke01
382,Bill White,38.6,whitebi03
383,Starling Marte,38.6,martest01
384,Lonnie Smith,38.5,smithlo01
385,Lorenzo Cain,38.5,cainlo01
386,Tim Wallach,38.5,wallati01
387,Kirk Gibson,38.4,gibsoki01
388,Matt Chapman,38.4,chapmma01
389,Johnny Callison,38.4,callijo01
390,Harry Davis,38.3,davisha01
391,Justin Turner,38.3,turneju01
392,Eric Chávez,38.3,chaveer01
393,Josh Gibson,38.3,gibsojo99
394,Bill Madlock,38.3,madlobi01
395,Roger Maris,38.3,marisro01
396,Max Bishop,38.2,bishoma01
397,Chili Davis,38.2,davisch01
398,Sid Gordon,38.2,gordosi01
399,Ray Lankford,38.2,lankfra01
400,Troy Glaus,38.1,glaustr01
401,Carlos Santana,38.0,santaca01
402,Steve Garvey,38.0,garvest01
403,Hanley Ramírez,38.0,ramirha01
404,Jeff Heath,37.7,heathje01
405,Paul Blair,37.7,blairpa01
406,Terry Turner,37.7,turnete01
407,Ernie Lombardi,37.7,lombaer01
408,Dick McAuliffe,37.6,mcauldi01
409,Frank Howard,37.6,howarfr01
410,George Kell,37.6,kellge01
411,Lu Blue,37.6,bluelu01
412,José Reyes,37.5,reyesjo01
413,Cy Williams,37.4,willicy01
414,George Springer,37.3,springe01
415,Andrelton Simmons,37.2,simmoan01
416,Jay Bell,37.1,bellja01
417,Fred Dunlap,37.1,dunlafr01
418,Dusty Baker,37.0,bakerdu01
419,Kip Selbach,37.0,selbaki01
420,Herman Long,36.9,longhe01
421,Kyle Seager,36.9,seageky01
422,Corey Seager,36.8,seageco01
423,Dick Groat,36.8,groatdi01
424,Garry Maddox,36.8,maddoga01
425,Phil Cavarretta,36.8,cavarph01
426,José Bautista,36.7,bautijo02
427,Wally Moses,36.6,moseswa01
428,Andy Pafko,36.6,pafkoan01
429,Bill Bradley,36.6,bradlbi01
430,George Scott,36.6,scottge02
431,Kevin Kiermaier,36.5,kiermke01
432,Bill Mazeroski,36.5,mazerbi01
433,Don Money,36.5,moneydo01
434,Mule Suttles,36.5,suttlmu99
435,Juan Soto,36.4,sotoju01
436,J.T. Realmuto,36.3,realmjt01
437,Trea Turner,36.3,turnetr01
438,Don Buford,36.2,bufordo01
439,Art Devlin,36.1,devliar01
440,Ed Williamson,36.1,willine01
441,Eric Davis,36.1,daviser01
442,Cecil Cooper,36.0,coopece01
443,Freddy Parent,35.9,parenfr01
444,Jim Bottomley,35.8,bottoji01
445,Wally Joyner,35.8,joynewa01
446,Danny Murphy,35.7,murphda02
447,Tommy Holmes,35.7,holmeto01
448,Willie Kamm,35.7,kammwi01
449,Denny Lyons,35.5,lyonsde01
450,Salvador Perez,35.5,perezsa02
451,Mickey Vernon,35.5,vernomi01
452,Edwin Encarnación,35.5,encared01
453,Miller Huggins,35.4,huggimi01
454,Eddie Yost,35.0,yosted01
455,Brady Anderson,35.0,anderbr01
456,George Burns,35.0,burnsge02
457,Howie Kendrick,35.0,kendrho01
458,Ron Fairly,34.9,fairlro01
459,Frank White,34.8,whitefr01
460,Jimmy Dykes,34.8,dykesji01
461,Claude Ritchey,34.7,ritchcl01
462,Shawn Green,34.7,greensh01
463,Stuffy McInnis,34.7,mcinnst01
464,Shin-Soo Choo,34.6,choosh01
465,Carl Furillo,34.6,furilca01
466,Derrek Lee,34.6,leede02
467,Jeff Cirillo,34.5,cirilje01
468,Alex Gordon,34.5,gordoal01
469,Ken Griffey,34.5,griffke01
470,Pedro Guerrero,34.5,guerrpe01
471,B.J. Surhoff,34.4,surhob.01
472,Travis Fryman,34.4,frymatr01
473,Michael Brantley,34.3,brantmi02
474,John Ward,34.3,wardjo01
475,Willie McGee,34.2,mcgeewi01
476,Johnny Pesky,34.2,peskyjo01
477,Elvis Andrus,34.2,andruel01
478,Bob Allison,34.1,allisbo01
479,Marty McManus,34.1,mcmanma01
480,Ron Gant,34.1,gantro01
481,Ken McMullen,34.0,mcmulke01
482,Dan McGann,34.0,mcganda01
483,Tony Cuccinello,33.9,cuccito01
484,Robby Thompson,33.8,thompro01
485,Ray Durham,33.8,durhara01
486,George Grantham,33.8,grantge01
487,Billy Nash,33.7,nashbi01
488,Anthony Rendon,33.7,rendoan01
489,Nick Markakis,33.6,markani01
490,Bobby Thomson,33.6,thomsbo01
491,Heinie Zimmerman,33.6,zimmehe01
492,Dom DiMaggio,33.5,dimagdo01
493,Mark Ellis,33.5,ellisma01
494,Joe Adcock,33.5,adcocjo01
495,Ken Caminiti,33.4,caminke01
496,Elbie Fletcher,33.4,fletcel01
497,Smoky Burgess,33.4,burgesm01
498,Jud Wilson,33.3,wilsoju99
499,Kid Elberfeld,33.3,elberki01
500,Dwayne Murphy,33.3,murphdw01
501,Johnny Logan,33.2,loganjo01
502,Gene Woodling,33.2,woodlge01
503,Ken Keltner,33.2,keltnke01
504,Rick Monday,33.1,mondari01
505,Earl Torgeson,33.1,torgeea01
506,Ray Schalk,33.0,schalra01
507,Gavy Cravath,32.9,cravaga01
508,Richie Hebner,32.9,hebneri01
509,Ezra Sutton,32.9,suttoez01
510,Brian Jordan,32.9,jordabr01
511,Matt Olson,32.8,olsonma02
512,Riggs Stephenson,32.8,stephri01
513,Bill Doran,32.8,doranbi02
514,Ron Hunt,32.8,huntro01
515,Ross Youngs,32.7,youngro01
516,Rico Carty,32.7,cartyri01
517,Mickey Rivers,32.7,rivermi01
518,Adam Jones,32.6,jonesad01
519,Sam West,32.6,westsa01
520,John Valentin,32.5,valenjo02
521,Jimmy Williams,32.5,williji01
522,Billy Hoy,32.5,hoydu01
523,Édgar Rentería,32.4,renteed01
524,Aramis Ramírez,32.4,ramirar01
525,Joe Start,32.4,startjo01
526,Kevin Youkilis,32.4,youklke01
527,Al Rosen,32.4,rosenal01
528,Roy Cullenbine,32.3,cullero01
529,Darin Erstad,32.3,erstada01
530,Justin Upton,32.3,uptonju01
531,Monte Irvin,32.1,irvinmo01
532,Bobby Murcer,32.1,murcebo01
533,Brian McCann,32.0,mccanbr01
534,Victor Martinez,32.0,martivi01
535,Scott Fletcher,31.9,fletcsc01
536,Marty Marion,31.8,marioma01
537,Frank McCormick,31.7,mccorfr01
538,Wally Pipp,31.7,pippwa01
539,Andrés Galarraga,31.7,galaran01
540,Chick Stahl,31.7,stahlch01
541,Rudy York,31.6,yorkru01
542,Cy Seymour,31.6,seymocy01
543,José Valentín,31.6,valenjo03
544,Eddie Joost,31.5,joosted01
545,Shane Victorino,31.5,victosh01
546,Bill Russell,31.4,russebi01
547,Ted Kluszewski,31.4,kluszte01
548,Topsy Hartsel,31.3,hartsto01
549,Chick Hafey,31.3,hafeych01
550,Ketel Marte,31.2,marteke01
551,Jacoby Ellsbury,31.2,ellsbja01
552,Duke Farrell,31.1,farredu01
553,Bill Joyce,31.0,joycebi01
554,Cool Papa Bell,30.9,bellco99
555,Orlando Hudson,30.9,hudsoor01
556,Greg Vaughn,30.9,vaughgr01
557,Hunter Pence,30.9,pencehu01
558,Trevor Story,30.9,storytr01
559,Rick Ferrell,30.8,ferreri01
560,Hank Thompson,30.7,thompha02
561,Chris Speier,30.6,speiech01
562,Arlie Latham,30.5,lathaar01
563,J.D. Martinez,30.5,martijd02
564,Ginger Beaumont,30.5,beaumgi01
565,Harry Steinfeldt,30.4,steinha01
566,Jhonny Peralta,30.4,peraljh01
567,Cecil Travis,30.4,travice01
568,Mike Hargrove,30.4,hargrmi01
569,Gary Matthews,30.4,matthga01
570,Joe Kuhel,30.3,kuheljo01
571,José Abreu,30.3,abreujo02
572,Bobby Bonilla,30.2,bonilbo01
573,Lance Johnson,30.2,johnsla03
574,Elmer Smith,30.2,smithel01
575,Kevin McReynolds,30.1,mcreyke01
576,Sherm Lollar,30.1,lollash01
577,John Titus,30.0,titusjo01
578,Buck Leonard,30.0,leonabu99
579,Del Ennis,30.0,ennisde01
580,Von Hayes,29.9,hayesvo01
581,Pete Runnels,29.9,runnepe01
582,DJ LeMahieu,29.8,lemahdj01
583,Lloyd Waner,29.8,wanerll01
584,Hal Trosky,29.8,troskha01
585,Brandon Belt,29.7,beltbr01
586,Phil Garner,29.7,garneph01
587,Javy López,29.7,lopezja01
588,Asdrúbal Cabrera,29.6,cabreas01
589,Marquis Grissom,29.6,grissma02
590,Bing Miller,29.6,millebi02
591,Brian Roberts,29.5,roberbr01
592,Raúl Mondesi,29.5,mondera01
593,Charles Zimmer,29.4,zimmech01
594,Brandon Crawford,29.4,crawfbr01
595,Mickey Tettleton,29.3,tettlmi01
596,Jim Piersall,29.3,piersji01
597,Ray Chapman,29.3,chapmra01
598,Tom Haller,29.3,halleto01
599,Buddy Lewis,29.3,lewisbu01
600,Jayson Werth,29.2,werthja01
601,Kevin Mitchell,29.1,mitchke01
602,Luis Castillo,29.1,castilu01
603,George Hendrick,29.1,hendrge01
604,Johnny Kling,29.1,klingjo01
605,Mike Donlin,29.0,donlimi01
606,Tino Martinez,29.0,martiti02
607,Benny Kauff,29.0,kauffbe01
608,Red Rolfe,28.9,rolfere01
609,Coco Crisp,28.9,crispco01
610,Baby Doll Jacobson,28.9,jacobba01
611,Elmer Valo,28.9,valoel01
612,Kevin Seitzer,28.8,seitzke01
613,John Anderson,28.8,anderjo01
614,Bob Bailey,28.8,bailebo01
615,Matt Carpenter,28.8,carpema01
616,Edgardo Alfonzo,28.7,alfoned01
617,Ossie Bluege,28.7,bluegos01
618,Billy Jurges,28.7,jurgebi01
619,Henry Larkin,28.7,larkihe01
620,Shohei Ohtani,28.7,ohtansh01
621,Vernon Wells,28.6,wellsve01
622,Alfonso Soriano,28.6,soriaal01
623,Freddie Lindstrom,28.5,lindsfr01
624,Don Baylor,28.5,baylodo01
625,Brandon Phillips,28.4,phillbr01
626,Bobby Ávila,28.4,avilabo01
627,Jack Rowe,28.4,roweja01
628,Terry Pendleton,28.3,pendlte01
629,Terry Puhl,28.3,puhlte01
630,Bob Meusel,28.3,meusebo01
631,Tim McCarver,28.3,mccarti01
632,Carlos Lee,28.3,leeca01
633,Sixto Lezcano,28.3,lezcasi01
634,Melvin Mora,28.2,morame01
635,Bob Watson,28.2,watsobo01
636,Rondell White,28.2,whitero02
637,César Tovar,28.2,tovarce01
638,Josh Hamilton,28.2,hamiljo03
639,Paul Konerko,28.1,konerpa01
640,J.J. Hardy,28.1,hardyjj01
641,Ross Barnes,28.0,barnero01
642,Denis Menke,28.0,menkede01
643,Del Crandall,28.0,crandde01
644,Terry Steinbach,28.0,steinte01
645,Roy Smalley,27.9,smallro02
646,Amos Strunk,27.9,strunam01
647,Hal McRae,27.9,mcraeha01
648,Denard Span,27.9,spande01
649,Jackie Jensen,27.8,jenseja01
650,Garry Templeton,27.8,templga01
651,Dave Orr,27.8,orrda01
652,Clete Boyer,27.8,boyercl02
653,Grady Sizemore,27.8,sizemgr01
654,Carlos Guillén,27.7,guillca01
655,Marcell Ozuna,27.7,ozunama01
656,Martín Prado,27.7,pradoma01
657,Tip O'Neill,27.6,o'neiti01
658,Dave Henderson,27.6,hendeda01
659,Lloyd Moseby,27.6,mosebll01
660,Chris Chambliss,27.5,chambch01
661,Randy Winn,27.5,winnra01
662,Manny Sanguillén,27.5,sanguma01
663,Buck Herzog,27.5,herzobu01
664,Kris Bryant,27.5,bryankr01
665,Snuffy Stirnweiss,27.4,stirnsn01
666,Lee May,27.4,mayle01
667,Bob Boone,27.4,boonebo01
668,Davey Johnson,27.4,johnsda02
669,Benito Santiago,27.4,santibe01
670,Álex Ríos,27.3,riosal01
671,Ferris Fain,27.2,fainfe01
672,Ed Bailey,27.2,baileed01
673,Leo Cárdenas,27.2,cardele01
674,Billy Goodman,27.2,goodmbi01
675,Walker Cooper,27.2,coopewa01
676,Hank Bauer,27.1,bauerha01
677,Lefty O'Doul,27.1,o'doule01
678,Bill Skowron,27.1,skowrbi01
679,Woody English,27.1,engliwo01
680,Mo Vaughn,27.1,vaughmo01
681,Willson Contreras,27.1,contrwi01
682,Tony González,27.0,gonzato01
683,Vic Wertz,27.0,wertzvi01
684,Elston Howard,27.0,howarel01
685,Justin Morneau,27.0,morneju01
686,John Stone,27.0,stonejo01
687,Red Smith,26.9,smithre02
688,Mike Bordick,26.8,bordimi01
689,Jack Clements,26.8,clemeja01
690,Bill North,26.8,northbi01
691,Yunel Escobar,26.8,escobyu01
692,Ryan Klesko,26.7,kleskry01
693,Tom Daly,26.7,dalyto01
694,Butch Wynegar,26.5,wynegbu01
695,Mark Grudzielanek,26.5,grudzma01
696,Willie Horton,26.4,hortowi01
697,Steve O'Neill,26.4,o'neist01
698,Bill Bruton,26.4,brutobi01
699,Charley Jones,26.4,jonesch01
700,Mike Napoli,26.3,napolmi01
701,Ben Oglivie,26.3,oglivbe01
702,Greg Gagne,26.3,gagnegr01
703,Joe Harris,26.2,harrijo03
704,Greg Luzinski,26.2,luzingr01
705,Fred Pfeffer,26.2,pfefffr01
706,Jean Segura,26.2,segurje01
707,George Stone,26.2,stonege01
708,Johnny Hopp,26.2,hoppjo01
709,Mike Scioscia,26.1,sciosmi01
710,Thomas Burns,26.1,burnsoy01
711,Pinky Higgins,26.0,higgipi01
712,Billy Werber,26.0,werbebi01
713,Harvey Kuenn,26.0,kuennha01
714,Cliff Floyd,25.9,floydcl01
715,Chase Headley,25.9,headlch01
716,Jack Barry,25.9,barryja01
717,Solly Hemus,25.9,hemusso01
718,Jack Doyle,25.9,doyleja01
719,Biz Mackey,25.8,mackebi99
720,Tommy Harper,25.8,harpeto01
721,Ronald Acuña Jr.,25.8,acunaro01
722,Roy McMillan,25.8,mcmilro01
723,Mike Greenwell,25.8,greenmi01
724,Ray Boone,25.8,boonera01
725,Marlon Byrd,25.8,byrdma01
726,Cristóbal Torriente,25.7,torricr99
727,Tillie Walker,25.7,walketi01
728,Garret Anderson,25.7,anderga01
729,Steve Sax,25.7,saxst01
730,George Kelly,25.6,kellyge01
731,Dave Cash,25.6,cashda01
732,Carlos Peña,25.5,penaca01
733,Joe Rudi,25.5,rudijo01
734,Roy Sievers,25.4,sievero01
735,Stan Javier,25.4,javiest01
736,Tommy Tucker,25.4,tucketo01
737,Tommie Agee,25.4,ageeto01
738,Billy Rogell,25.4,rogelbi01
739,Glenn Wright,25.3,wrighgl01
740,Javier Báez,25.2,baezja01
741,Jack Meyers,25.2,meyerch01
742,Todd Frazier,25.2,frazito01
743,Hank Sauer,25.2,sauerha01
744,Rick Dempsey,25.1,dempsri01
745,John Kruk,25.1,krukjo01
746,Richie Zisk,25.0,ziskri01
747,Larry Hisle,25.0,hislela01
748,John Mayberry,25.0,maybejo01
749,Jason Thompson,25.0,thompja01
750,Shannon Stewart,24.9,stewash01
751,Jim Ray Hart,24.9,hartji01
752,Wally Moon,24.9,moonwa01
753,Randy Velarde,24.9,velarra01
754,Casey Blake,24.8,blakeca01
755,Mike Lowell,24.8,lowelmi01
756,Travis Hafner,24.8,hafnetr01
757,Mike Sweeney,24.8,sweenmi01
758,Jason Bay,24.8,bayja01
759,Dode Paskert,24.8,paskedo01
760,Ival Goodman,24.8,goodmiv01
761,Willie Jones,24.7,joneswi01
762,Deacon McGuire,24.7,mcguide01
763,Tony Peña,24.7,penato01
764,Josh Reddick,24.7,reddijo01
765,Michael Young,24.7,youngmi02
766,Whitey Kurowski,24.6,kurowwh01
767,Ripper Collins,24.6,colliri02
768,Corey Koskie,24.6,koskico01
769,Cody Bellinger,24.5,bellico01
770,Pete Reiser,24.5,reisepe01
771,Frankie Crosetti,24.5,crosefr01
772,Al Bumbry,24.5,bumbral01
773,Byron Buxton,24.5,buxtoby01
774,Delino DeShields,24.4,deshide01
775,Carlos González,24.4,gonzaca01
776,Johnny Mostil,24.4,mostijo01
777,Carlos Gómez,24.4,gomezca01
778,Aaron Hill,24.4,hillaa01
779,Dobie Moore,24.4,mooredo02
780,Doug Rader,24.3,raderdo02
781,Jason Varitek,24.2,varitja01
782,Gene Alley,24.2,alleyge01
783,Johnny Ray,24.2,rayjo01
784,Andre Thornton,24.2,thornan01
785,Socks Seybold,24.1,seyboso01
786,Eddie Foster,24.1,fosteed02
787,Freddie Patek,24.1,patekfr01
788,Ron Hansen,24.1,hansero02
789,Charlie Jamieson,24.0,jamiech01
790,Buck Freeman,24.0,freembu01
791,John Briggs,24.0,briggjo02
792,Dickie Thon,23.9,thondi01
793,Bill Mueller,23.9,muellbi02
794,Prince Fielder,23.8,fieldpr01
795,Burt Shotton,23.8,shottbu01
796,Brian Dozier,23.8,doziebr01
797,A.J. Pierzynski,23.8,pierza.01
798,Frank Schulte,23.7,schulfr01
799,Yordan Alvarez,23.7,alvaryo01
800,Eugenio Suárez,23.6,suareeu01
801,Hank Gowdy,23.6,gowdyha01
802,Tom Herr,23.6,herrto01
803,Chris Hoiles,23.5,hoilech01
804,George Selkirk,23.5,selkige01
805,John Morrill,23.5,morrijo01
806,Jack Wilson,23.5,wilsoja02
807,Charlie Hollocher,23.4,holloch01
808,Bullet Rogan,23.4,roganbu99
809,John Reilly,23.4,reilljo01
810,David DeJesus,23.4,dejesda01
811,Dansby Swanson,23.4,swansda01
812,Danny Tartabull,23.3,tartada01
813,Sam Mertes,23.3,mertesa01
814,Brandon Nimmo,23.3,nimmobr01
815,George Wright,23.2,wrighge01
816,Tony Taylor,23.2,tayloto02
817,Bill Lange,23.2,langebi01
818,Don Mincher,23.1,minchdo01
819,Bobby Higginson,23.1,higgibo02
820,Hans Lobert,23.1,loberha01
821,Kyle Tucker,23.0,tuckeky01
822,Max Muncy,23.0,muncyma01
823,Matty Alou,23.0,alouma01
824,Jay Buhner,23.0,buhneja01
825,Hal Chase,23.0,chaseha01
826,Darren Daulton,22.9,daultda01
827,Rick Burleson,22.9,burleri01
828,Oscar Gamble,22.9,gamblos01
829,Charlie Hickman,22.9,hickmch01
830,Milt Stock,22.9,stockmi01
831,Wes Parker,22.9,parkewe01
832,George Scales,22.9,scalege01
833,Bret Boone,22.8,boonebr01
834,Stan Spence,22.8,spencst01
835,Jimmy Austin,22.8,austiji01
836,Michael Bourn,22.8,bournmi01
837,Larry Bowa,22.8,bowala01
838,Erick Aybar,22.7,aybarer01
839,Bibb Falk,22.7,falkbi01
840,Bake McBride,22.6,mcbriba01
841,Charles Johnson,22.6,johnsch04
842,Juan Uribe,22.6,uribeju01
843,Ruppert Jones,22.6,jonesru01
844,Carlos Ruiz,22.5,ruizca01
845,Rafael Devers,22.5,deverra01
846,Rusty Greer,22.4,greerru01
847,Tom Burns,22.4,burnsto01
848,Jim Gantner,22.4,gantnji01
849,John Roseboro,22.4,rosebjo01
850,Ken Oberkfell,22.4,oberkke01
851,Craig Counsell,22.4,counscr01
852,Mookie Wilson,22.4,wilsomo01
853,AJ Pollock,22.3,polloaj01
854,Jerry Mumphrey,22.3,mumphje01
855,Gus Suhr,22.3,suhrgu01
856,Virgil Davis,22.3,davissp01
857,Joe Cunningham,22.2,cunnijo01
858,Howard Johnson,22.2,johnsho01
859,Eddie Miller,22.2,milleed03
860,Carl Reynolds,22.1,reynoca01
861,Curt Walker,22.1,walkecu01
862,Austin Jackson,22.1,jacksau01
863,Jim Northrup,22.1,northji01
864,Gary Pettis,22.1,pettiga01
865,Marco Scutaro,22.1,scutama01
866,Chone Figgins,22.0,figgich01
867,Ramón Hernández,22.0,hernara02
868,Irish Meusel,22.0,meuseir01
869,Kolten Wong,22.0,wongko01
870,Tom Brunansky,22.0,brunato01
871,Tom Tresh,22.0,treshto01
872,Woodie Held,22.0,heldwo01
873,Fred Carroll,21.9,carrofr01
874,Geoff Jenkins,21.9,jenkige01
875,Pepper Martin,21.9,martipe01
876,Bob Horner,21.9,hornebo01
877,Wid Conroy,21.8,conrowi01
878,Ozzie Albies,21.8,albieoz01
879,Danny Green,21.7,greenda01
880,Billy Southworth,21.7,southbi01
881,Shane Mack,21.7,macksh01
882,Barney McCosky,21.7,mccosba01
883,Fernando Tatis Jr.,21.7,tatisfe02
884,Hurley McNair,21.7,mcnaihu01
885,Bernard Gilkey,21.6,gilkebe01
886,Germany Smith,21.6,smithge01
887,Terry Kennedy,21.6,kennete02
888,George McQuinn,21.6,mcquige02
889,Yoenis Céspedes,21.6,cespeyo01
890,Willy Adames,21.5,adamewi01
891,Bob O'Farrell,21.5,o'farbo01
892,Andre Ethier,21.5,ethiean01
893,Vladimir Guerrero Jr.,21.5,guerrvl02
894,Eric Soderholm,21.5,soderer01
895,Terry Moore,21.5,moorete01
896,Matt Kemp,21.4,kempma01
897,Nick Swisher,21.4,swishni01
898,Alexei Ramírez,21.4,ramiral03
899,Andy Seminick,21.4,seminan01
900,Chico Carrasquel,21.4,carrach01
901,Joe Randa,21.4,randajo01
902,Jason Kipnis,21.3,kipnija01
903,Mark Kotsay,21.3,kotsama01
904,Orlando Cabrera,21.3,cabreor01
905,Don Hoak,21.3,hoakdo01
906,Charlie Blackmon,21.3,blackch02
907,Willie Crawford,21.3,crawfwi01
908,Jake Stenzel,21.3,stenzja01
909,Buck Weaver,21.2,weavebu01
910,Hideki Matsui,21.2,matsuhi01
911,Duffy Lewis,21.2,lewisdu01
912,Trot Nixon,21.2,nixontr01
913,Bob Bescher,21.2,beschbo01
914,Zeke Bonura,21.2,bonurze01
915,Dave Magadan,21.1,magadda01
916,George Pinkney,21.1,pinknge01
917,Johnny Bassler,21.0,bassljo01
918,Ozzie Guillén,21.0,guilloz01
919,Joe Ferguson,21.0,fergujo01
920,Norm Siebern,21.0,siebeno01
921,George McBride,21.0,mcbrige01
922,John Romano,20.9,romanjo01
923,Jeff Blauser,20.9,blausje01
924,David Eckstein,20.9,eckstda01
925,Raúl Ibañez,20.9,ibanera01
926,Mike Stanley,20.9,stanlmi02
927,Al Smith,20.9,smithal04
928,Muddy Ruel,20.9,ruelmu01
929,Jack Tobin,20.9,tobinja01
930,Jerry Denny,20.9,dennyje01
931,Adam Kennedy,20.9,kennead01
932,Aaron Rowand,20.9,rowanaa01
933,Lee Tannehill,20.9,tannele01
934,Austin Riley,20.8,rileyau01
935,Jeff McNeil,20.8,mcneije01
936,Johnny Bates,20.8,batesjo02
937,Ed McFarland,20.8,mcfared01
938,Ronnie Belliard,20.7,belliro01
939,José Cardenal,20.7,cardejo02
940,Max Kepler,20.7,keplema01
941,Matty McIntyre,20.7,mcintma01
942,John Beckwith,20.7,beckwjo02
943,Melky Cabrera,20.6,cabreme01
944,Mack Jones,20.6,jonesma01
945,Jim Landis,20.6,landiji01
946,Rey Sánchez,20.6,sanchre01
947,Roberto Kelly,20.5,kellyro01
948,Bip Roberts,20.5,roberbi01
949,Curt Welch,20.5,welchcu01
950,Dan Driessen,20.5,driesda01
951,Damion Easley,20.5,easleda01
952,Aubrey Huff,20.5,huffau01
953,Carl Everett,20.4,evereca01
954,Tommy Davis,20.4,davisto02
955,Daniel Murphy,20.4,murphda08
956,Jermaine Dye,20.3,dyeje01
957,Bud Harrelson,20.3,harrebu01
958,Bobby Lowe,20.3,lowebo01
959,John Milligan,20.3,millijo01
960,Pete Ward,20.3,wardpe01
961,Sam Wise,20.3,wisesa01
962,Yasmani Grandal,20.3,grandya01
963,Mike Mowrey,20.2,mowremi01
964,Newt Allen,20.2,allenne02
965,Casey Stengel,20.2,stengca01
966,Willard Brown,20.2,brownwi02
967,Tommy Corcoran,20.2,corcoto01
968,Lee Lacy,20.2,lacyle01
969,Colby Rasmus,20.2,rasmuco01
970,Lyn Lary,20.1,laryly01
971,Cal McVey,20.1,mcveyca01
972,George Bell,20.0,bellge02
973,Donn Clendenon,20.0,clenddo01
974,Alvin Davis,20.0,davisal01
975,Merv Rettenmund,20.0,retteme01
976,Earl Sheely,20.0,sheelea01
977,Willard Marshall,19.9,marshwi01
978,Jay Bruce,19.9,bruceja01
979,Jeromy Burnitz,19.9,burnije01
980,Branch Russell,19.9,russebr01
981,Pete Alonso,19.8,alonspe01
982,Dick Lundy,19.8,lundydi01
983,Fred Luderus,19.8,luderfr01
984,Charlie Maxwell,19.8,maxwech01
985,Fred Merkle,19.8,merklfr01
986,Gorman Thomas,19.8,thomago01
987,John Stearns,19.7,stearjo01
988,George Wood,19.7,woodge01
989,Glenn Davis,19.7,davisgl01
990,Dick Hoblitzell,19.6,hoblidi01
991,Heinie Peitz,19.6,peitzhe01
992,Mark McLemore,19.6,mclemma01
993,Bill Virdon,19.6,virdobi01
994,Carlos Baerga,19.6,baergca01
995,Claudell Washington,19.6,washicl01
996,Ed Charles,19.6,charled01
997,José Cruz,19.6,cruzjo02
998,Jeff Conine,19.5,coninje01
999,Neil Walker,19.5,walkene01
1000,Dale Mitchell,19.5,mitchda01
